Distance,Time_of_Day,Demand,Weather,Base_Price,Weather_Multiplier,Price
8.116262258099887,Evening,5.671736066225963,Snowy,12,2.0,305.27
19.063571821788408,Night,5.312636898667579,Snowy,15,2.0,875.74
14.907884894416696,Afternoon,1.2307785922579213,Snowy,8,2.0,267.88
12.374511199743695,Night,4.071230448635407,Snowy,15,2.0,522.37
3.964354168406294,Night,4.421760569072713,Snowy,15,2.0,171.52
3.96389588638785,Evening,4.589405028072104,Clear,12,1.0,69.4
2.1035886311957896,Night,6.221551323045991,Snowy,15,2.0,102.37
17.457346769723767,Evening,5.802422920541906,Snowy,12,2.0,662.08
12.421185223120967,Morning,6.471145835141002,Clear,10,1.0,204.59
14.453378978124864,Morning,7.883949353879155,Clear,10,1.0,258.48
1.3911053916202465,Evening,8.316871648444842,Clear,12,1.0,30.58
19.428287191077892,Morning,7.46310768603845,Clear,10,1.0,339.28
16.816410175208013,Afternoon,9.599713263594412,Clear,8,1.0,263.68
5.034443102887247,Night,1.1640932440872547,Clear,15,1.0,84.31
4.4546743769349115,Afternoon,2.7620018711519148,Snowy,8,2.0,90.96
4.484685687215243,Night,1.068065874803279,Snowy,15,2.0,148.91
6.780602616231217,Morning,6.827272427391427,Rainy,10,1.5,171.15
10.97037220101252,Afternoon,9.082274940549881,Snowy,8,2.0,334.94
9.206955354200199,Morning,3.1913406691866935,Snowy,10,2.0,242.9
6.533353663762797,Night,9.34331090316676,Clear,15,1.0,189.57
12.62520499972521,Evening,1.5424065126060476,Clear,12,1.0,174.87
3.6503833523887947,Evening,9.409924241249628,Snowy,12,2.0,170.05
6.550748322169145,Afternoon,4.16460418515671,Rainy,8,1.5,111.35
7.960875022580142,Morning,1.9127874560429485,Clear,10,1.0,94.84
9.665329700123683,Morning,5.372845832676931,Snowy,10,2.0,297.17
15.918343266467259,Afternoon,3.3109891094845714,Snowy,8,2.0,339.02
4.793801861008835,Evening,3.5638561176573056,Rainy,12,1.5,117.04
10.770454329858621,Night,3.765609684336579,Rainy,15,1.5,333.59
12.255876808378806,Afternoon,8.22723308049397,Clear,8,1.0,178.71
1.8825578416799567,Night,5.85245149007729,Rainy,15,1.5,67.15
12.54335218612733,Evening,3.8017692924040327,Snowy,12,2.0,415.49
4.239958350058539,Morning,6.493004049798265,Snowy,10,2.0,139.86
2.235980266720311,Evening,7.445356068008742,Rainy,12,1.5,70.21
19.02882520781333,Afternoon,3.453616006601804,Rainy,8,1.5,307.21
19.347008628416628,Morning,4.7219419137281635,Rainy,10,1.5,427.24
16.35954961421276,Afternoon,2.096974840032528,Rainy,8,1.5,237.48
6.787661614294043,Afternoon,2.630344145812123,Clear,8,1.0,68.58
2.8557701661212933,Evening,7.130060685684845,Rainy,12,1.5,88.06
14.00042750373098,Afternoon,2.6329451292606425,Clear,8,1.0,141.49
9.362897381052425,Evening,5.726470453003541,Snowy,12,2.0,353.39
3.3187264620507975,Morning,7.381416355501894,Rainy,10,1.5,86.53
10.408361292114133,Evening,1.9618923078526946,Clear,12,1.0,149.4
1.6533819011891495,Morning,6.105809976660132,Rainy,10,1.5,39.94
18.27708763949686,Evening,3.309065053312274,Snowy,12,2.0,583.8
5.916819650400321,Night,9.666341877138219,Snowy,15,2.0,349.09
13.587923402725657,Night,5.351910820479323,Snowy,15,2.0,625.8
6.9225104456988085,Afternoon,8.253932947976423,Rainy,8,1.5,151.64
10.881292402378406,Evening,5.952038879406356,Rainy,12,1.5,312.44
11.387495307522313,Evening,1.3907127956933725,Clear,12,1.0,155.65
4.512234654985013,Morning,6.698362380346201,Snowy,10,2.0,150.69
19.422107927526614,Afternoon,9.562630079859913,Rainy,8,1.5,455.94
15.727523643861176,Evening,6.414506381316981,Snowy,12,2.0,619.58
18.850479889719594,Afternoon,8.372699734841111,Snowy,8,2.0,554.13
18.001719658125328,Night,8.957858170135669,Clear,15,1.0,511.91
12.360099597410617,Evening,3.0527179475403923,Clear,12,1.0,193.6
18.51561046543922,Evening,2.90840355917404,Clear,12,1.0,286.81
2.6813575389864703,Afternoon,6.498828899658926,Clear,8,1.0,35.39
4.723674385963759,Evening,4.699256228260342,Snowy,12,2.0,166.64
1.8593184893002233,Afternoon,8.558751725800484,Clear,8,1.0,27.61
7.181276284502022,Evening,9.1002081105821,Clear,12,1.0,164.6
8.384868504100158,Morning,4.180792413724463,Clear,10,1.0,118.9
6.155631603704022,Afternoon,3.1318350307703384,Clear,8,1.0,64.67
16.746012673886657,Evening,8.024729637194756,Snowy,12,2.0,724.42
7.778313207178196,Night,3.4732543199332246,Clear,15,1.0,157.2
6.337755684060235,Evening,8.403528866623105,Snowy,12,2.0,279.93
11.31122558000672,Night,4.813644282838865,Rainy,15,1.5,377.01
3.6775602745204905,Night,7.0079490936232345,Snowy,15,2.0,187.64
16.241742634326755,Morning,1.8598178245120136,Snowy,10,2.0,385.25
2.4164622299156457,Afternoon,6.614733922089157,Clear,8,1.0,32.12
19.75085179540983,Evening,5.065909108635062,Rainy,12,1.5,535.62
15.67265061663649,Morning,6.279476168579267,Rainy,10,1.5,382.71
4.775597949149276,Evening,2.5121278697037708,Rainy,12,1.5,107.56
1.1049202253484456,Night,7.631863704497639,Rainy,15,1.5,43.83
16.49376714064185,Afternoon,8.765173697889058,Snowy,8,2.0,495.21
14.430289533104725,Evening,2.9506582008169806,Rainy,12,1.5,336.39
14.851136192778759,Evening,1.8614309996814555,Snowy,12,2.0,422.77
15.65413658703297,Night,1.2127472744170276,Snowy,15,2.0,526.58
2.4068483829477167,Evening,6.777743503989394,Snowy,12,2.0,96.92
7.81084884234118,Evening,6.463846324799027,Rainy,12,1.5,231.47
3.2015121309774646,Night,5.92027671442663,Clear,15,1.0,76.45
17.398965091636278,Morning,3.087523865043779,Clear,10,1.0,227.71
12.8426644097236,Night,4.518153963149632,Rainy,15,1.5,419.52
7.2870624722003345,Morning,6.350287016675558,Clear,10,1.0,119.15
2.207608655434449,Afternoon,5.470901729732525,Clear,8,1.0,27.32
6.908664112597582,Morning,9.890069681933985,Snowy,10,2.0,274.83
7.178483118508193,Morning,2.227957773010598,Snowy,10,2.0,175.56
14.862517388423218,Afternoon,7.256300986428344,Rainy,8,1.5,307.77
13.11359195574905,Morning,4.638868912938629,Rainy,10,1.5,287.95
17.857042108950203,Night,4.853796534330533,Clear,15,1.0,397.87
9.972083578077036,Morning,7.458379890923586,Snowy,10,2.0,348.19
3.272290672827732,Afternoon,7.231925361919327,Rainy,8,1.5,67.67
14.551650957236905,Night,9.921303943319694,Rainy,15,1.5,652.25
15.454915923721051,Afternoon,2.155548605087127,Rainy,8,1.5,225.44
11.664266753820428,Afternoon,1.936986844457497,Rainy,8,1.5,167.08
15.648376419136659,Evening,7.51904935415867,Rainy,12,1.5,493.46
10.382116330923424,Evening,6.205482253057681,Rainy,12,1.5,302.84
10.931923758257888,Afternoon,3.4674459990382527,Clear,8,1.0,117.78
9.123279348812442,Afternoon,1.7147743209008794,Snowy,8,2.0,171.0
1.4829634081378087,Afternoon,1.770924246367875,Snowy,8,2.0,27.93
3.049937112872785,Evening,9.047717871977065,Rainy,12,1.5,104.57
1.5971545280479509,Evening,2.726805922468686,Snowy,12,2.0,48.78
13.091797814011828,Morning,3.9103440590396867,Snowy,10,2.0,364.22
6.972763640450207,Morning,3.039907620042892,Snowy,10,2.0,181.85
10.662843132129353,Afternoon,4.194966752487436,Rainy,8,1.5,181.63
18.243763004595767,Night,1.6248145847148403,Rainy,15,1.5,477.18
5.736552353828624,Night,5.671538118174434,Snowy,15,2.0,269.7
8.797275537676965,Evening,1.6085130723299341,Snowy,12,2.0,245.1
15.355471632317926,Evening,8.203208570401255,Rainy,12,1.5,503.13
5.347165144340827,Evening,3.103408737193897,Clear,12,1.0,84.08
2.462618286747067,Afternoon,5.860107231440596,Snowy,8,2.0,62.49
6.505277605361592,Night,8.920711788053124,Clear,15,1.0,184.63
4.0632044578260835,Morning,6.8578963214247475,Snowy,10,2.0,136.99
18.66425539450889,Afternoon,5.796620078962018,Clear,8,1.0,235.87
16.35428721172392,Morning,3.9190037780383804,Clear,10,1.0,227.64
13.034671373698046,Morning,3.9970172175237813,Clear,10,1.0,182.45
17.557751213566636,Afternoon,7.025382596783711,Rainy,8,1.5,358.71
16.269769461083175,Morning,9.947254250990508,Clear,10,1.0,324.54
4.544831118834681,Night,6.9565527086444074,Clear,15,1.0,115.6
17.95862097130958,Morning,6.020050756330225,Clear,10,1.0,287.7
11.247502596397364,Night,7.575854592153215,Snowy,15,2.0,593.05
16.341362948117187,Night,5.186850510553463,Clear,15,1.0,372.26
18.025734698546373,Night,1.541281083407067,Snowy,15,2.0,624.12
7.042066024465414,Evening,6.0606713429011885,Clear,12,1.0,135.72
3.090986566025858,Morning,9.618627560548422,Clear,10,1.0,60.64
5.330768088296892,Afternoon,2.577726481218937,Rainy,8,1.5,80.46
9.11504798389887,Afternoon,7.210044017385991,Snowy,8,2.0,250.99
16.54228055252737,Morning,2.8084031979315083,Clear,10,1.0,211.88
17.353881081870526,Evening,5.822449160257731,Snowy,12,2.0,658.99
1.1320904800926233,Evening,1.8700880468204766,Snowy,12,2.0,32.25
10.704198748973749,Night,5.053338426323666,Rainy,15,1.5,362.55
8.930809059826801,Morning,7.805469960057215,Rainy,10,1.5,238.53
5.220048398943875,Morning,4.128143718150839,Rainy,10,1.5,110.62
3.277441979339973,Afternoon,6.984205520384962,Rainy,8,1.5,66.8
7.414688256668931,Morning,8.159049647107562,Rainy,10,1.5,201.97
18.915284374337865,Evening,9.344600375315075,Rainy,12,1.5,658.64
7.14085570839435,Morning,3.111778736699082,Rainy,10,1.5,140.44
10.857021813123955,Afternoon,4.593843242283773,Rainy,8,1.5,190.13
14.35736021900838,Night,2.371744119973757,Clear,15,1.0,266.44
7.908962445206585,Afternoon,9.932351519425376,Snowy,8,2.0,252.23
19.463859571698254,Afternoon,9.343008711318658,Rainy,8,1.5,451.79
19.286498603900114,Night,5.859614172525037,Rainy,15,1.5,688.22
5.7838636206819185,Afternoon,8.578299649387791,Snowy,8,2.0,171.93
10.447721611955323,Afternoon,5.6886217954483795,Clear,8,1.0,131.13
6.716687886518623,Morning,6.612271192024838,Snowy,10,2.0,223.16
6.411969393171884,Morning,1.8021198890441497,Snowy,10,2.0,151.35
1.700851999736123,Night,7.797433784471272,Rainy,15,1.5,68.11
12.58172234561804,Morning,2.1494213527171135,Snowy,10,2.0,305.72
10.550901441348369,Morning,8.434608672272756,Snowy,10,2.0,389.0
1.9780962737497978,Afternoon,8.038252789033473,Rainy,8,1.5,42.82
6.294282820495617,Evening,7.378702279686788,Rainy,12,1.5,196.9
18.257051833366422,Morning,1.325443424722859,Rainy,10,1.5,310.15
5.551675922672476,Evening,3.7281552035079573,Rainy,12,1.5,137.19
3.7530025697332388,Morning,3.368013129197586,Snowy,10,2.0,100.34
10.299602445273697,Morning,4.241227667243672,Snowy,10,2.0,293.36
19.727358628101413,Night,1.7887847208745469,Clear,15,1.0,348.84
5.599050158718508,Night,9.432620407279565,Clear,15,1.0,163.21
13.770575400711692,Night,5.9842201664113865,Snowy,15,2.0,660.34
15.470772691245633,Evening,3.749718795922212,Clear,12,1.0,255.26
5.5151133358555935,Afternoon,4.5728336536685505,Snowy,8,2.0,128.59
14.836110623625332,Morning,5.024822864543521,Clear,10,1.0,222.91
7.987879521665811,Morning,6.405349000245556,Rainy,10,1.5,196.57
13.01381078127801,Morning,5.6411148492684795,Clear,10,1.0,203.55
13.037064504457,Evening,9.274527758929755,Rainy,12,1.5,452.31
11.17971899742041,Night,5.472671346152472,Rainy,15,1.5,389.21
2.715505631033758,Afternoon,9.929422133409814,Rainy,8,1.5,64.94
16.87074741619552,Evening,8.662824619705862,Rainy,12,1.5,566.74
7.094821234462981,Night,2.8765946292160223,Clear,15,1.0,137.04
4.54385169759723,Evening,9.375356931795245,Snowy,12,2.0,211.29
1.7747276895405144,Afternoon,2.0472975809692846,Rainy,8,1.5,25.66
12.226965920576594,Night,8.357047376420724,Clear,15,1.0,336.68
13.873722875003367,Evening,4.4256096412892205,Rainy,12,1.5,360.25
1.315168749629267,Afternoon,8.901768884005627,Clear,8,1.0,19.89
10.729768107686338,Morning,8.812510210967053,Clear,10,1.0,201.85
5.303419728760821,Afternoon,8.253328601058591,Clear,8,1.0,77.44
13.258283017779547,Morning,8.110273926763552,Snowy,10,2.0,480.22
4.312962151094837,Evening,3.742112251882367,Clear,12,1.0,71.12
14.127817023946854,Night,1.7282735474612696,Clear,15,1.0,248.54
8.347971579710212,Night,4.626821608886453,Snowy,15,2.0,366.31
18.797869785997957,Evening,2.561720634878578,Snowy,12,2.0,566.72
3.6128979387738718,Night,7.254559800122156,Clear,15,1.0,93.51
7.4802606699549115,Night,4.11489753884007,Snowy,15,2.0,316.75
3.155996903571192,Morning,9.780491807739233,Rainy,10,1.5,93.64
18.569178747292693,Evening,6.768748696107988,Rainy,12,1.5,560.49
17.66944771423864,Afternoon,8.40232507270925,Snowy,8,2.0,520.25
5.900890926587957,Morning,2.192722054676636,Snowy,10,2.0,143.9
13.539696874649401,Evening,8.758130340453603,Clear,12,1.0,304.78
16.527221803823103,Morning,9.30481471462055,Snowy,10,2.0,638.11
11.548815420389785,Afternoon,5.3835572693704234,Clear,8,1.0,142.13
11.063360988764122,Afternoon,6.456276439758797,Rainy,8,1.5,218.47
5.595193527108582,Evening,7.883288208126959,Snowy,12,2.0,240.15
2.768952588312085,Afternoon,2.573547645343713,Clear,8,1.0,27.85
18.047099401113208,Morning,5.523094688170982,Clear,10,1.0,280.15
18.10794308610328,Afternoon,4.587967249950818,Rainy,8,1.5,316.99
13.028927688192091,Morning,2.317365929460242,Snowy,10,2.0,320.96
7.441566029925313,Morning,4.307809800623783,Rainy,10,1.5,159.71
7.634981917640557,Afternoon,1.6135507844694421,Clear,8,1.0,70.94
14.793157898534549,Evening,1.232307162545383,Clear,12,1.0,199.39
18.045094939098966,Night,2.2164966023934047,Snowy,15,2.0,661.34
17.85464206103723,Afternoon,9.668036004302564,Clear,8,1.0,280.93
15.817635371294854,Morning,5.945765823055153,Snowy,10,2.0,504.45
13.198601276931468,Morning,9.69239945037898,Rainy,10,1.5,389.87
2.598659334905928,Afternoon,4.892480904971188,Snowy,8,2.0,61.92
4.070945567797661,Evening,3.806345197767336,Snowy,12,2.0,134.89
18.072529582014507,Evening,5.555276765562197,Clear,12,1.0,337.35
12.52215213353221,Morning,4.955605197696191,Clear,10,1.0,187.28
1.1747439807159634,Morning,1.9509821583556952,Snowy,10,2.0,28.08
2.92795931445461,Evening,6.767436832211856,Clear,12,1.0,58.91
13.60653361305306,Night,2.9443436425863965,Clear,15,1.0,264.19
1.096170093078155,Afternoon,6.576291594080466,Clear,8,1.0,14.54
4.0553529769324745,Morning,6.85180983158338,Snowy,10,2.0,136.68
11.425941997965136,Morning,2.368223678157833,Clear,10,1.0,141.32
14.146008756161171,Evening,1.5521466439960134,Snowy,12,2.0,392.2
13.38726393054941,Afternoon,8.026854274615959,Clear,8,1.0,193.06
5.261116879750636,Evening,5.138203813923882,Rainy,12,1.5,143.36
14.531405205603182,Afternoon,1.523474159549282,Clear,8,1.0,133.96
5.507732662439201,Afternoon,9.953796854527905,Clear,8,1.0,87.92
7.182594265026086,Afternoon,1.5200250489672997,Snowy,8,2.0,132.39
15.183336697242458,Morning,7.255317059726979,Snowy,10,2.0,523.99
13.343025081897078,Night,9.853110327370722,Clear,15,1.0,397.35
17.13524479938938,Evening,3.1526209379433308,Rainy,12,1.5,405.67
13.494644953706525,Night,2.2802443181847654,Clear,15,1.0,248.58
11.797863463373961,Evening,2.09246445480186,Clear,12,1.0,171.2
2.779820588733757,Afternoon,3.72947632810836,Rainy,8,1.5,45.8
7.986600258129237,Morning,1.9094122990958202,Snowy,10,2.0,190.23
6.0388449859527835,Night,7.229452075247187,Clear,15,1.0,156.07
5.635803224202588,Morning,1.5606261831705641,Snowy,10,2.0,130.31
19.487200540296467,Evening,5.584799153348108,Snowy,12,2.0,728.89
8.468856768668449,Morning,9.970271684676792,Rainy,10,1.5,253.69
17.948884548365154,Morning,8.325732425554168,Rainy,10,1.5,493.39
12.991633893947995,Night,6.536974944079098,Snowy,15,2.0,644.53
16.10141476729132,Afternoon,3.756282587079505,Clear,8,1.0,177.2
10.55010476899865,Morning,6.6150625266247465,Snowy,10,2.0,350.58
11.961173807900822,Afternoon,5.743373175204865,Clear,8,1.0,150.65
10.357836182558414,Evening,4.834750455013343,Clear,12,1.0,184.39
4.709616768162846,Morning,2.1763933906617954,Rainy,10,1.5,86.02
14.7265901899686,Night,8.9794379371642,Clear,15,1.0,419.25
6.33467488637626,Evening,5.048061839391902,Clear,12,1.0,114.39
1.462003362197623,Evening,2.7516026063868857,Snowy,12,2.0,44.74
13.263973622236188,Night,4.309834157895606,Rainy,15,1.5,427.06
4.36510290873393,Morning,4.727167772760343,Clear,10,1.0,64.29
18.86871310270537,Morning,8.447841060101869,Clear,10,1.0,348.09
19.124642963049162,Evening,7.6025294250526185,Rainy,12,1.5,605.96
18.382423414188523,Morning,7.923744042772058,Snowy,10,2.0,658.96
8.033015304853443,Afternoon,1.099281379857825,Rainy,8,1.5,106.99
1.2936757140484811,Night,4.745385983617854,Rainy,15,1.5,42.92
18.63805268916678,Afternoon,5.332097364717913,Clear,8,1.0,228.61
9.135498818028973,Morning,1.1727304914075103,Clear,10,1.0,102.07
19.36644156182972,Evening,3.3383188787053077,Snowy,12,2.0,619.96
19.308779564695804,Night,7.842608408099215,Clear,15,1.0,516.78
17.20717965387984,Morning,2.2339873515609914,Clear,10,1.0,210.51
6.594528949322128,Morning,5.817791183073325,Rainy,10,1.5,156.47
8.316856843436579,Evening,2.9368168481551375,Clear,12,1.0,129.11
17.171596758820282,Evening,1.1090869717950396,Snowy,12,2.0,457.83
7.021518097969276,Afternoon,3.1708131183958734,Rainy,8,1.5,110.97
4.220362187035757,Night,9.782863794190485,Snowy,15,2.0,250.47
11.579223986708653,Night,8.213834006946907,Rainy,15,1.5,474.53
18.78694070905484,Evening,9.636189798889301,Clear,12,1.0,442.68
14.224566136824487,Afternoon,5.390686395337262,Rainy,8,1.5,262.71
11.831162231697935,Night,1.9876257880975317,Rainy,15,1.5,319.11
2.8463533816446023,Evening,5.931635400763237,Clear,12,1.0,54.42
12.685137307284226,Morning,5.089396011039648,Clear,10,1.0,191.41
19.811023151981,Night,8.599213744656543,Snowy,15,2.0,1105.41
3.6615962894939567,Afternoon,1.8827432270582012,Snowy,8,2.0,69.62
10.848263394910997,Afternoon,5.394170233196004,Clear,8,1.0,133.6
17.670088366631152,Afternoon,2.3504379822458583,Clear,8,1.0,174.59
15.074603737329884,Morning,3.9220833420105397,Clear,10,1.0,209.87
14.243299078910091,Night,7.636213696490197,Rainy,15,1.5,565.2
14.347197595755077,Night,5.284163164318898,Rainy,15,1.5,493.39
7.830331873175348,Morning,4.382994566311924,Rainy,10,1.5,168.94
6.578245041025374,Night,4.550286507130318,Clear,15,1.0,143.57
16.37786195409176,Morning,5.13502091565388,Snowy,10,2.0,495.76
16.392154498904432,Morning,8.065148894533511,Clear,10,1.0,296.13
17.47437405302197,Morning,9.02876220046211,Rainy,10,1.5,498.77
18.351570498572954,Afternoon,9.598012178535354,Rainy,8,1.5,431.59
10.715505578357819,Night,8.082130476297657,Clear,15,1.0,290.64
10.528809599056792,Morning,3.8386620617321148,Clear,10,1.0,145.7
16.167608400368728,Night,7.193212354778879,Rainy,15,1.5,625.44
13.349314684777537,Afternoon,4.938428116498527,Rainy,8,1.5,239.3
14.337370667896364,Morning,3.2920355984144605,Rainy,10,1.5,285.86
16.12006071928592,Evening,8.567844214833304,Clear,12,1.0,359.18
17.91010149453376,Afternoon,1.345837140660925,Rainy,8,1.5,243.85
7.4219079801791805,Evening,9.115857929218812,Rainy,12,1.5,255.38
8.136076100158936,Night,5.153297181622607,Snowy,15,2.0,369.87
2.785656856976511,Night,6.7348132912745236,Clear,15,1.0,69.93
11.987322678927306,Afternoon,6.934185299852045,Snowy,8,2.0,324.79
1.6829032021380996,Night,9.056059666358827,Snowy,15,2.0,96.21
9.846362344516743,Evening,6.730027139504866,Rainy,12,1.5,296.51
11.310248059443955,Morning,6.525402262840556,Clear,10,1.0,186.91
6.444283790437404,Morning,1.5998683650462096,Rainy,10,1.5,112.13
12.225831950811205,Morning,5.6656721975068365,Clear,10,1.0,191.53
1.5795047488419391,Afternoon,2.3515210073533748,Snowy,8,2.0,31.21
1.709615586235074,Night,7.6369039184933705,Clear,15,1.0,45.23
16.629410652533508,Evening,5.60999728731407,Rainy,12,1.5,467.25
7.843622186813995,Night,7.12205001287518,Rainy,15,1.5,302.17
3.414149740385811,Night,1.3750561054214585,Rainy,15,1.5,87.38
10.922621941041283,Night,1.7631281444122289,Clear,15,1.0,192.73
15.629877508873605,Morning,7.4469104925641405,Snowy,10,2.0,545.39
5.10059952244002,Evening,1.6487590239880603,Snowy,12,2.0,142.6
12.834919040561005,Evening,1.6413105498873275,Clear,12,1.0,179.3
2.621601834881592,Night,1.108976277113987,Rainy,15,1.5,65.53
1.9819527022035461,Morning,9.60851258469532,Snowy,10,2.0,77.73
11.095737999794812,Morning,7.637575235131062,Rainy,10,1.5,293.55
11.272067310592023,Evening,4.179262676518578,Clear,12,1.0,191.8
13.111168128465925,Morning,3.668820231588897,Rainy,10,1.5,268.82
14.79573534073057,Morning,4.147329067712646,Snowy,10,2.0,418.64
19.541189509788158,Morning,7.971881780630636,Snowy,10,2.0,702.38
10.80970661772271,Afternoon,6.95233549963373,Rainy,8,1.5,219.9
7.1361729858836735,Night,2.6667601108072114,Clear,15,1.0,135.59
16.108537700605368,Evening,2.5669840180067593,Rainy,12,1.5,364.38
6.14581277397941,Evening,1.8855608474205758,Clear,12,1.0,87.66
9.340456993407086,Afternoon,6.942724477312043,Rainy,8,1.5,189.9
2.4906712455030533,Night,7.8793539599956235,Snowy,15,2.0,133.59
1.4816641248936926,Evening,3.385417854925036,Clear,12,1.0,23.8
19.290319878880577,Morning,1.1885046492782152,Clear,10,1.0,215.83
16.88362228973191,Evening,1.739545007287846,Clear,12,1.0,237.85
14.223509915780262,Morning,9.710740313605275,Snowy,10,2.0,560.71
8.770105943871128,Afternoon,3.659002997296782,Rainy,8,1.5,143.75
4.29259208134607,Morning,7.923008330543203,Snowy,10,2.0,153.87
3.9723038107506348,Evening,6.621972119688374,Clear,12,1.0,79.23
5.754615065127311,Evening,4.437456756876063,Rainy,12,1.5,149.55
11.435306629416289,Evening,2.851185359759996,Snowy,12,2.0,352.7
14.577322531301185,Afternoon,2.092477763434658,Clear,8,1.0,141.02
13.543750157636895,Afternoon,6.5351167123498,Clear,8,1.0,179.16
6.318744041972914,Night,7.971704025740092,Snowy,15,2.0,340.68
19.14244033260069,Evening,6.795138281870176,Snowy,12,2.0,771.6
15.020041417219602,Morning,5.772719199242425,Snowy,10,2.0,473.81
11.532726997716614,Afternoon,1.3775610108847265,Clear,8,1.0,104.97
12.622694178452692,Evening,9.716398998349455,Snowy,12,2.0,597.3
8.972401186128009,Evening,8.18842772489117,Clear,12,1.0,195.83
5.706888800521992,Afternoon,3.6353983303086825,Snowy,8,2.0,124.51
7.76348089437397,Night,9.819732964229656,Clear,15,1.0,230.81
15.399076098823013,Afternoon,6.416934306726899,Clear,8,1.0,202.24
1.2734762839653615,Afternoon,6.241803923865218,Rainy,8,1.5,24.82
3.2053801696314084,Morning,7.732658614865789,Snowy,10,2.0,113.68
1.8740501984133022,Morning,8.305928092811238,Snowy,10,2.0,68.61
1.7738472440604327,Night,6.9083074659835235,Clear,15,1.0,44.99
17.253751096209136,Evening,2.1528617172958002,Clear,12,1.0,251.62
14.36949932822045,Afternoon,4.044407553950485,Clear,8,1.0,161.45
10.00930275265918,Night,9.352752762934447,Rainy,15,1.5,435.84
2.858849052369028,Morning,3.0215405065946674,Rainy,10,1.5,55.84
10.340701627219815,Afternoon,4.34950321453762,Clear,8,1.0,118.71
9.995963644830749,Evening,4.888691946497763,Snowy,12,2.0,357.18
4.290835528290288,Morning,4.95464490725007,Snowy,10,2.0,128.34
9.243181335521488,Morning,6.5164562424507295,Rainy,10,1.5,229.0
8.571589953550095,Morning,9.487682539702368,Rainy,10,1.5,250.56
12.701151862992113,Night,3.1662344064925447,Clear,15,1.0,250.84
13.066779366485232,Evening,2.0935123867082623,Snowy,12,2.0,379.26
1.8607761856688458,Afternoon,2.777234408739436,Clear,8,1.0,19.02
8.117639677902954,Night,8.982324101883425,Rainy,15,1.5,346.71
12.891338398570491,Night,6.812297313896854,Snowy,15,2.0,650.2
10.559588913021667,Night,3.573161103152441,Snowy,15,2.0,429.98
17.273306982578124,Morning,8.343522450717554,Rainy,10,1.5,475.28
13.515179000759955,Evening,8.752329967270924,Clear,12,1.0,304.13
4.095754114547164,Night,8.618629048212503,Clear,15,1.0,114.39
2.340806200608167,Afternoon,9.27033880275599,Snowy,8,2.0,72.17
13.205966285919997,Evening,3.270169181560254,Rainy,12,1.5,315.44
1.5037149002908143,Afternoon,7.795377358716505,Snowy,8,2.0,42.81
12.129736044195802,Evening,5.14485547546726,Rainy,12,1.5,330.67
18.864374587074195,Afternoon,8.577986976010553,Clear,8,1.0,280.37
11.9340093796417,Morning,7.5564160944545185,Rainy,10,1.5,314.28
8.375228597923916,Night,7.9880270184975215,Clear,15,1.0,225.98
13.22247615040471,Afternoon,6.905456539129643,Rainy,8,1.5,268.24
9.706804919338817,Evening,2.596858925227362,Snowy,12,2.0,293.46
11.366718997002764,Night,5.905242270072445,Clear,15,1.0,271.19
18.88783136675398,Night,9.862027655720574,Snowy,15,2.0,1125.45
8.335950118214711,Evening,9.43649259847407,Snowy,12,2.0,388.85
19.26262071265437,Afternoon,1.388563622173105,Clear,8,1.0,175.5
18.201662197165213,Morning,2.483333341564934,Clear,10,1.0,227.22
4.720031560996633,Morning,2.1855589610910573,Snowy,10,2.0,115.03
2.3178647166281436,Afternoon,7.53381918986766,Snowy,8,2.0,65.03
2.9147820261711064,Night,8.360067968712507,Snowy,15,2.0,160.55
1.3462146873794447,Night,2.9216022967960473,Snowy,15,2.0,52.19
2.7944162543626394,Night,5.552674236566461,Clear,15,1.0,65.19
13.97712869491078,Night,8.5663272521008,Clear,15,1.0,389.26
2.352584320744351,Afternoon,7.595213902896255,Snowy,8,2.0,66.23
7.060536975581464,Night,5.880134849426635,Rainy,15,1.5,252.28
17.052630908419637,Evening,6.313129214128956,Rainy,12,1.5,500.73
1.4421667789806913,Night,5.57524492224652,Clear,15,1.0,33.69
16.474901169189778,Morning,3.677936061869385,Snowy,10,2.0,450.69
6.3552407206945984,Night,6.085197935731145,Snowy,15,2.0,306.68
3.245131724811469,Afternoon,7.199967718450816,Clear,8,1.0,44.65
14.238006141918863,Morning,8.859906242747268,Rainy,10,1.5,402.79
12.949914088817795,Afternoon,6.726622185813232,Rainy,8,1.5,259.93
17.671968257014004,Afternoon,7.850093833388422,Rainy,8,1.5,378.54
14.96634983227383,Morning,2.4406447145911567,Clear,10,1.0,186.19
16.266137677312123,Afternoon,5.154017269778109,Rainy,8,1.5,295.8
6.3586568788548234,Afternoon,1.0839845784438396,Clear,8,1.0,56.38
4.371351331814734,Night,3.220109780694607,Clear,15,1.0,86.68
15.261680281176309,Evening,7.5381554360170435,Snowy,12,2.0,642.39
16.329860046078018,Afternoon,9.926289562144271,Rainy,8,1.5,390.47
19.819597698012792,Afternoon,1.8926028962849433,Clear,8,1.0,188.57
8.839735861317102,Afternoon,4.613448842751595,Rainy,8,1.5,155.01
8.06834363006288,Night,8.200638718292435,Rainy,15,1.5,330.41
15.75184625409794,Evening,2.8363207116600897,Snowy,12,2.0,485.27
7.475267264807339,Morning,5.995764543720576,Rainy,10,1.5,179.36
18.68438918646773,Night,7.597641664267073,Snowy,15,2.0,986.4
17.309842285017226,Night,6.543869052341611,Clear,15,1.0,429.56
9.150886520125349,Evening,2.692222611538745,Rainy,12,1.5,209.06
15.26655028803845,Evening,4.198461118171655,Clear,12,1.0,260.11
15.336314607608964,Night,8.054126060368574,Rainy,15,1.5,622.99
2.9593535078827196,Morning,5.98803862718815,Clear,10,1.0,47.31
18.148505226911766,Night,1.0470665218862147,Rainy,15,1.5,451.1
10.599795076509286,Evening,7.848916840252844,Rainy,12,1.5,340.55
16.70269185604709,Morning,1.3178021944621516,Rainy,10,1.5,283.56
7.080942419581623,Evening,7.711604044581089,Rainy,12,1.5,225.75
18.014941341427807,Morning,2.8223250414871366,Rainy,10,1.5,346.49
8.3948318959491,Afternoon,9.622661321074421,Rainy,8,1.5,197.67
1.2059153781256688,Evening,4.31146676171876,Rainy,12,1.5,31.07
18.20225755196601,Evening,3.942384547042712,Rainy,12,1.5,456.81
2.7344468589365376,Night,2.339992452992002,Rainy,15,1.5,75.92
7.066959114217882,Evening,3.750437939411934,Clear,12,1.0,116.61
19.051177373965295,Evening,8.889856856453804,Snowy,12,2.0,863.7
19.061535791813565,Afternoon,9.967009038645227,Rainy,8,1.5,456.72
11.895319874342436,Evening,4.314785774561635,Snowy,12,2.0,408.67
13.004907031226185,Afternoon,5.037495678590883,Rainy,8,1.5,234.67
9.520464917588075,Afternoon,7.498638443824634,Rainy,8,1.5,199.91
6.571004662263226,Afternoon,8.97576202418567,Clear,8,1.0,99.75
7.244626362028403,Afternoon,6.337399007681057,Clear,8,1.0,94.69
13.77785066546373,Morning,4.523731283600464,Snowy,10,2.0,400.21
15.29511605931592,Night,4.713596567637614,Clear,15,1.0,337.57
16.04000183079112,Morning,7.260563318471262,Clear,10,1.0,276.86
16.002744713096526,Evening,1.0289643724385082,Snowy,12,2.0,423.58
2.732915957925117,Morning,6.576304037138566,Clear,10,1.0,45.3
10.393985789349047,Morning,4.199437093972216,Rainy,10,1.5,221.38
2.093616440316241,Evening,8.147775981493758,Snowy,12,2.0,91.19
11.441048764150976,Evening,1.8369157584081894,Snowy,12,2.0,325.02
9.389079526094163,Evening,6.2938204025355144,Rainy,12,1.5,275.37
17.866379472407697,Morning,5.328756008975113,Clear,10,1.0,273.87
7.667385238489495,Morning,6.780929733147047,Snowy,10,2.0,257.33
3.2242733121245113,Evening,1.5836823503467152,Snowy,12,2.0,89.64
3.7168419590038813,Night,6.219854086853181,Rainy,15,1.5,135.64
15.468702002631973,Night,6.053361291635714,Rainy,15,1.5,558.73
12.74614320300896,Afternoon,6.045940849745539,Clear,8,1.0,163.62
2.9213308463330145,Evening,6.431388999368093,Snowy,12,2.0,115.2
2.5980293161849515,Afternoon,7.08821143503726,Clear,8,1.0,35.52
14.318413497723279,Night,8.244900997126928,Clear,15,1.0,391.86
2.382497120919677,Afternoon,3.428386481153929,Rainy,8,1.5,38.39
16.615341126516768,Evening,8.425444691620559,Snowy,12,2.0,734.75
14.418602315973429,Evening,5.484301140371082,Snowy,12,2.0,535.83
2.5456268321960955,Evening,1.6935245122089806,Snowy,12,2.0,71.44
2.611916567618646,Morning,1.5269583631958128,Rainy,10,1.5,45.16
19.746151991522332,Afternoon,4.008144868264547,Rainy,8,1.5,331.93
8.111145119366286,Night,8.064072794003208,Rainy,15,1.5,329.67
8.042200794270927,Night,7.369128412668242,Rainy,15,1.5,314.29
16.44319177789255,Night,8.09753468205166,Rainy,15,1.5,669.56
18.997722970293314,Morning,5.655421507974484,Snowy,10,2.0,594.83
19.734020212634547,Morning,4.961790981599415,Clear,10,1.0,295.26
15.31418551991989,Evening,2.3270727403565554,Snowy,12,2.0,453.07
8.148932125087399,Night,3.953734782483804,Clear,15,1.0,170.56
2.5865136172747065,Morning,4.9061742955648775,Rainy,10,1.5,57.83
15.765791402621298,Evening,1.797403867116555,Clear,12,1.0,223.19
11.609680744980295,Night,2.985507574400901,Snowy,15,2.0,452.27
9.06021817569255,Afternoon,6.384027646573649,Snowy,8,2.0,237.51
18.220733316799983,Evening,7.620968028152708,Clear,12,1.0,385.28
3.1127521638168756,Morning,9.985127602536547,Rainy,10,1.5,93.31
10.359876981526323,Morning,9.39801998209202,Rainy,10,1.5,301.44
1.2157192505809622,Evening,6.783086795816724,Snowy,12,2.0,48.97
9.9045521978884,Evening,4.791232479646649,Clear,12,1.0,175.8
2.06976223795491,Morning,6.725596282374094,Rainy,10,1.5,51.93
3.2575404090933664,Afternoon,8.070864562722088,Rainy,8,1.5,70.64
3.232998688764993,Night,2.065025718310486,Snowy,15,2.0,117.02
13.334995740205208,Afternoon,4.689144007266594,Rainy,8,1.5,235.06
15.174852706043042,Evening,8.558220570720554,Clear,12,1.0,337.94
12.084006536846033,Afternoon,4.4544965673973955,Snowy,8,2.0,279.47
19.281278421016296,Morning,6.146850441044679,Snowy,10,2.0,622.66
8.122541010950378,Evening,6.289924247759784,Clear,12,1.0,158.78
6.428529639355354,Night,2.6602862782027543,Snowy,15,2.0,244.16
17.503383435599744,Morning,4.260118974870595,Rainy,10,1.5,374.4
5.2483209318696,Morning,4.01060159867739,Rainy,10,1.5,110.3
19.301228249371615,Night,1.235770376788583,Clear,15,1.0,325.3
1.2309350191065105,Night,1.217725875022197,Rainy,15,1.5,31.07
19.42769770744514,Afternoon,8.485273393081961,Clear,8,1.0,287.3
1.8200383270609461,Evening,3.457637289755312,Clear,12,1.0,29.39
17.931719160263352,Night,5.662708896149339,Rainy,15,1.5,631.93
11.026321072639698,Night,3.6885301622989575,Clear,15,1.0,226.4
19.866331126266708,Evening,9.466113206038065,Rainy,12,1.5,696.1
2.4021347299725786,Night,3.3336708297919637,Snowy,15,2.0,96.09
11.523231403625095,Night,4.866911314650416,Snowy,15,2.0,513.94
19.41674817676288,Afternoon,8.854572254361416,Clear,8,1.0,292.88
10.938859039232828,Morning,8.577402101126278,Rainy,10,1.5,304.82
12.958574124569989,Morning,2.674912760616496,Rainy,10,1.5,246.37
14.219225090707726,Morning,8.223789788161394,Snowy,10,2.0,518.26
9.63628023058769,Morning,5.123681980641034,Snowy,10,2.0,291.47
12.923603521597204,Night,5.346719848768197,Rainy,15,1.5,446.25
12.101971926538905,Evening,2.201319751743494,Clear,12,1.0,177.19
18.12200219932879,Evening,1.7254136238141218,Snowy,12,2.0,509.97
1.8634812264876994,Afternoon,7.551453762763886,Clear,8,1.0,26.17
6.338300602252376,Afternoon,5.468150371197698,Clear,8,1.0,78.43
19.057818197454615,Night,4.931656323536616,Snowy,15,2.0,853.69
17.91501189392741,Evening,7.5655740578715704,Clear,12,1.0,377.62
9.657478302928546,Evening,7.889616090919988,Clear,12,1.0,207.32
12.782519358229198,Morning,2.430173509024182,Rainy,10,1.5,238.33
6.270242476641521,Night,6.492026345298772,Clear,15,1.0,155.11
4.574302034751465,Night,2.2181867404991698,Rainy,15,1.5,125.75
9.810269693859661,Morning,7.762375774261411,Snowy,10,2.0,348.51
7.713692332495004,Night,6.912596406404256,Snowy,15,2.0,391.38
12.08946612516657,Night,9.609531589751121,Rainy,15,1.5,533.4
2.476958102334712,Afternoon,1.6206221472077906,Snowy,8,2.0,46.05
19.513501345657165,Evening,1.5134924903612887,Clear,12,1.0,269.6
19.738004145112455,Night,3.539683672238801,Clear,15,1.0,400.87
14.265072566375158,Afternoon,3.355351153623154,Clear,8,1.0,152.41
11.185830960538288,Evening,3.2228091916479986,Snowy,12,2.0,354.98
6.8810247094402275,Morning,9.15629122468933,Clear,10,1.0,131.81
16.462105374432024,Afternoon,3.245915798645555,Snowy,8,2.0,348.89
14.009892278523706,Afternoon,3.447547535157679,Clear,8,1.0,150.72
4.089721847552934,Evening,7.8345843617616735,Rainy,12,1.5,131.29
18.307616505383006,Morning,5.04765858205486,Snowy,10,2.0,550.97
16.628207615540212,Afternoon,7.990395012596631,Snowy,8,2.0,478.64
19.046198352546558,Night,1.588295418079467,Clear,15,1.0,331.07
14.78867065937884,Night,5.388140743060458,Snowy,15,2.0,682.71
12.654888722780008,Night,1.3025224016495436,Snowy,15,2.0,429.1
8.946617689521759,Morning,1.5638788310981906,Rainy,10,1.5,155.19
18.72184118372625,Afternoon,9.157937080099698,Rainy,8,1.5,430.41
17.455213900507758,Night,2.2532083400583565,Clear,15,1.0,320.82
1.8591547320175987,Morning,5.791786140476954,Rainy,10,1.5,44.04
1.500972515447788,Night,4.699860423406359,Clear,15,1.0,33.1
8.152803970682942,Evening,4.126089936329584,Clear,12,1.0,138.2
16.400513284854824,Afternoon,9.098500111185452,Clear,8,1.0,250.58
19.758246456983944,Afternoon,1.1964105709794055,Snowy,8,2.0,353.95
3.8579209309670355,Morning,6.9741071755803015,Rainy,10,1.5,98.23
12.288483591690568,Morning,9.670549907921954,Clear,10,1.0,241.72
8.236926275989408,Afternoon,6.041513651156578,Rainy,8,1.5,158.56
19.42837355847746,Night,9.431402158297827,Clear,15,1.0,566.28
17.000259539578465,Night,1.470320913574214,Rainy,15,1.5,438.75
16.92824538951162,Evening,4.769139871667452,Rainy,12,1.5,450.03
9.905170036104435,Night,3.3414201186584602,Clear,15,1.0,198.22
8.881570544415638,Morning,7.577388684826568,Snowy,10,2.0,312.23
6.194734366683418,Morning,9.83167381447522,Rainy,10,1.5,184.28
2.071134436367615,Night,3.30877056199823,Snowy,15,2.0,82.69
17.42972514884601,Morning,6.88757141326667,Snowy,10,2.0,588.69
16.445119173471475,Afternoon,2.7828786948376614,Clear,8,1.0,168.17
19.99463579243648,Afternoon,6.087972291144489,Clear,8,1.0,257.34
19.9360999044042,Night,5.175392380195026,Clear,15,1.0,453.81
11.553202406449921,Afternoon,9.748047966683833,Rainy,8,1.5,273.78
15.610760888429699,Afternoon,6.476745454268199,Clear,8,1.0,205.77
18.950548867766134,Evening,4.145557348781369,Clear,12,1.0,321.68
17.14330042287082,Evening,2.0268620639914,Rainy,12,1.5,371.12
5.699613933120755,Afternoon,2.361221458614411,Rainy,8,1.5,84.55
9.560338570891776,Night,3.0278523695611157,Clear,15,1.0,186.83
3.4540288878784047,Evening,3.258699952062682,Clear,12,1.0,54.96
19.126969517915725,Morning,8.65554452057024,Clear,10,1.0,356.82
12.51731805456672,Morning,6.051005094542724,Clear,10,1.0,200.92
5.344213304565792,Morning,5.710518202369298,Snowy,10,2.0,167.92
13.762313003711277,Night,2.0329198468229572,Snowy,15,2.0,496.8
12.74443656870002,Afternoon,8.741257240144915,Clear,8,1.0,191.08
7.805091642623969,Morning,7.5053287288763535,Snowy,10,2.0,273.26
3.1575942517929514,Night,1.6090152571000143,Rainy,15,1.5,82.48
13.759890716263193,Evening,7.370515875067918,Snowy,12,2.0,573.64
10.885846317172073,Afternoon,5.8918439560838145,Snowy,8,2.0,276.79
15.674049442977147,Evening,1.7355281117210044,Clear,12,1.0,220.73
10.883106521127875,Night,5.124705773757908,Snowy,15,2.0,493.81
17.19144850605226,Morning,5.362266584170423,Snowy,10,2.0,528.2
11.486229936715226,Morning,2.4919708614694818,Snowy,10,2.0,286.97
11.65782145917234,Night,9.51128332300254,Snowy,15,2.0,682.38
17.656418450508557,Morning,8.649778343325957,Rainy,10,1.5,493.93
8.666174458035544,Afternoon,7.021201035961975,Clear,8,1.0,118.01
3.546289340562174,Night,5.160660049005465,Clear,15,1.0,80.65
1.5468708499534405,Evening,4.705889874260577,Rainy,12,1.5,40.95
15.347607857798762,Night,6.858761204358587,Snowy,15,2.0,776.22
12.78588147571583,Afternoon,5.908886824662149,Rainy,8,1.5,244.09
14.377515593885247,Afternoon,1.5604579529369706,Snowy,8,2.0,265.94
5.046319068669304,Night,5.612523838932985,Rainy,15,1.5,177.27
3.5910580361486257,Night,8.257632555095554,Clear,15,1.0,98.35
1.2763486476897565,Morning,5.133158898372622,Clear,10,1.0,19.32
7.661163617325343,Afternoon,1.4676091979884158,Clear,8,1.0,70.28
12.208436050238028,Night,8.076503794456297,Snowy,15,2.0,662.06
8.452636856894914,Night,2.8122740392237695,Snowy,15,2.0,324.89
9.312023518450852,Afternoon,3.327587513992349,Rainy,8,1.5,148.93
18.17901519538122,Night,2.482357180890663,Rainy,15,1.5,510.56
7.6168538734427065,Morning,3.971935583843478,Clear,10,1.0,106.42
10.765800294036405,Afternoon,7.810763551197716,Snowy,8,2.0,306.8
15.889407242081719,Morning,5.674472735535436,Rainy,10,1.5,373.59
8.534312864104134,Morning,2.843931467356413,Snowy,10,2.0,219.23
12.819647304329596,Morning,8.900470703368367,Snowy,10,2.0,484.59
17.38491046618816,Morning,8.916236694563763,Clear,10,1.0,328.86
19.0408918494952,Afternoon,8.835205825414063,Clear,8,1.0,286.91
3.794396137651721,Morning,3.1491659024338534,Snowy,10,2.0,99.79
18.605164878068393,Morning,5.061154097628893,Snowy,10,2.0,560.43
10.350209568511225,Night,9.864906905267876,Snowy,15,2.0,616.82
5.906643377680209,Afternoon,7.948112286789914,Snowy,8,2.0,169.62
9.723579368526964,Afternoon,1.2445067910300383,Clear,8,1.0,87.47
19.620618930424065,Evening,1.5868413213444286,Rainy,12,1.5,409.21
10.359743785864522,Afternoon,5.175382391310995,Clear,8,1.0,125.77
7.246280595462656,Afternoon,9.182981852754041,Rainy,8,1.5,166.81
13.03461623201779,Evening,5.848316181574428,Snowy,12,2.0,495.78
5.562766756785669,Afternoon,5.480312572308612,Rainy,8,1.5,103.34
2.4414032340646146,Afternoon,1.9492632996096753,Clear,8,1.0,23.34
3.4487147163023355,Afternoon,6.911020942518647,Clear,8,1.0,46.66
3.4328709401976765,Afternoon,8.39892844540203,Snowy,8,2.0,101.06
3.8861511767335926,Evening,4.423780067568061,Clear,12,1.0,67.26
3.6377162803387924,Afternoon,7.980506658327947,Snowy,8,2.0,104.65
13.176620151261078,Afternoon,9.680289885107305,Clear,8,1.0,207.46
4.4557216035837515,Evening,2.833898132149202,Clear,12,1.0,68.62
7.567678383153401,Night,5.709966680752672,Snowy,15,2.0,356.66
18.038979788214224,Morning,3.58424162276118,Rainy,10,1.5,367.57
10.005271164994575,Night,8.135689771304554,Clear,15,1.0,272.18
13.683597031899517,Evening,6.198340292930418,Rainy,12,1.5,398.97
4.274077552830967,Morning,6.711241757952734,Clear,10,1.0,71.43
4.653491357364745,Evening,8.181227436543047,Clear,12,1.0,101.53
1.7765037090630984,Evening,4.563734253962094,Clear,12,1.0,31.05
4.209766198371126,Afternoon,9.23581061566339,Clear,8,1.0,64.78
6.293216441607214,Morning,5.797259805215259,Rainy,10,1.5,149.12
4.3631992012581895,Afternoon,2.421593405518132,Rainy,8,1.5,65.04
2.6853481413840568,Morning,7.263092063519222,Clear,10,1.0,46.36
3.2920815509114156,Evening,8.13935215394429,Clear,12,1.0,71.66
9.75479659262179,Evening,3.85085509360774,Rainy,12,1.5,243.2
4.920340649710058,Night,8.714613312988778,Snowy,15,2.0,276.25
7.9211273599134335,Morning,9.155289292891897,Snowy,10,2.0,303.46
10.56492814624228,Afternoon,3.4921403864002802,Rainy,8,1.5,171.05
14.117501743957941,Night,9.851693254436999,Clear,15,1.0,420.38
1.7469306569808798,Night,2.266403752438826,Clear,15,1.0,32.14
16.18879757927181,Night,2.81814101562241,Snowy,15,2.0,622.53
12.930107400327248,Afternoon,2.658023553142235,Snowy,8,2.0,261.87
2.5534216070285662,Night,9.045907390070834,Rainy,15,1.5,109.42
17.59799385802877,Afternoon,6.8886329709246565,Snowy,8,2.0,475.53
18.49657561010445,Night,2.3689385490004558,Rainy,15,1.5,514.76
2.1604812372424114,Afternoon,4.962910765315141,Snowy,8,2.0,51.72
6.26067531479687,Evening,6.5376822256282185,Snowy,12,2.0,248.49
16.317824316068165,Evening,1.7511767649044496,Snowy,12,2.0,460.21
15.216934117289508,Evening,8.94174731566605,Clear,12,1.0,345.88
4.505899367771169,Evening,8.232431818973817,Clear,12,1.0,98.58
4.977637143397496,Evening,5.5468609621897444,Clear,12,1.0,92.86
8.038969953036258,Night,9.704139537332534,Snowy,15,2.0,475.2
10.205936718629406,Night,4.759848813475897,Rainy,15,1.5,338.94
12.746840659075623,Night,9.85699287132848,Rainy,15,1.5,569.51
8.009359151825675,Afternoon,7.011279989232643,Rainy,8,1.5,163.5
9.78815960652981,Afternoon,6.712041459285473,Rainy,8,1.5,196.3
15.201947824541374,Afternoon,2.493594057662065,Clear,8,1.0,151.94
1.69698085492136,Afternoon,8.937349824741796,Clear,8,1.0,25.71
5.796301942536394,Evening,4.847407191285536,Snowy,12,2.0,206.54
14.553642131806496,Evening,2.460100652042314,Snowy,12,2.0,435.22
18.008929916056786,Evening,1.1134676797818313,Rainy,12,1.5,360.25
10.721871400197656,Morning,6.037801152745443,Clear,10,1.0,171.96
11.110156220040997,Night,5.746596599104087,Rainy,15,1.5,393.63
3.036268215455745,Afternoon,7.474182601322427,Snowy,8,2.0,84.89
9.500834969645638,Afternoon,9.01232247716022,Snowy,8,2.0,289.01
11.11972806264544,Evening,1.7146592617872658,Rainy,12,1.5,234.47
5.606939569059864,Afternoon,7.583468413063261,Snowy,8,2.0,157.74
6.115621388038238,Afternoon,2.68670749687824,Rainy,8,1.5,93.1
8.16839909898783,Night,8.723593478414475,Clear,15,1.0,229.41
1.381352757776801,Evening,8.371571624754905,Rainy,12,1.5,45.68
7.119504146080388,Night,5.867143794869899,Clear,15,1.0,169.45
5.017512132934348,Morning,7.392185187609804,Clear,10,1.0,87.27
7.222449691380378,Morning,3.8291510186537354,Snowy,10,2.0,199.76
3.275480504565773,Morning,5.240511090395332,Snowy,10,2.0,99.84
17.920018334058003,Evening,8.394732079394245,Snowy,12,2.0,791.12
12.278256617526925,Afternoon,5.133386774558925,Rainy,8,1.5,222.97
13.902944063745302,Evening,4.220184387928976,Rainy,12,1.5,355.86
15.994253533539428,Evening,5.447912025252699,Snowy,12,2.0,592.99
10.470401779652088,Afternoon,8.454243271934965,Rainy,8,1.5,231.87
2.65148547366105,Night,4.016872426337855,Snowy,15,2.0,111.5
11.205024294552407,Morning,2.5638543382216943,Rainy,10,1.5,211.17
12.149981242396704,Night,7.408126182977027,Clear,15,1.0,317.26
15.16335000950227,Morning,8.433803914372735,Clear,10,1.0,279.52
9.201531378363908,Evening,1.9057373067118,Snowy,12,2.0,262.92
3.4240257531157114,Morning,3.1588670148035023,Rainy,10,1.5,67.58
6.391742210175765,Evening,2.277747907848945,Rainy,12,1.5,141.26
7.898563631574067,Night,4.131472704239499,Clear,15,1.0,167.43
13.272427585300424,Evening,5.053158810148714,Clear,12,1.0,239.75
11.844787788709326,Night,7.739437032669758,Snowy,15,2.0,630.36
7.765837792059079,Afternoon,6.860328263935067,Clear,8,1.0,104.75
19.743789727066613,Afternoon,6.588357107305881,Snowy,8,2.0,524.03
12.509721567780856,Afternoon,4.171374519486889,Clear,8,1.0,141.82
5.507309042983895,Evening,8.57302797776284,Clear,12,1.0,122.74
2.933866979787671,Afternoon,5.241584506583481,Rainy,8,1.5,53.66
3.9043236445023086,Morning,9.81194444213639,Clear,10,1.0,77.35
5.673196839305654,Night,6.707279244661631,Clear,15,1.0,142.18
4.052946091931558,Night,2.1363826740805245,Snowy,15,2.0,147.56
4.544773456974809,Morning,7.085598058678906,Clear,10,1.0,77.65
6.416808205183095,Evening,3.925936138885291,Snowy,12,2.0,214.46
4.294098310600342,Evening,7.1769447701748765,Clear,12,1.0,88.51
18.03854306790208,Night,1.6267703334616517,Clear,15,1.0,314.59
2.5244411675712017,Afternoon,2.5739329345836346,Snowy,8,2.0,50.79
10.96571640183484,Evening,8.701635330152076,Rainy,12,1.5,369.14
8.79753971280357,Evening,3.044616013211634,Snowy,12,2.0,275.43
19.66519372126352,Morning,8.53337012718646,Snowy,10,2.0,728.92
3.1287391411929946,Morning,3.5134847960896938,Snowy,10,2.0,84.56
8.55925638186909,Afternoon,6.785937190528369,Rainy,8,1.5,172.41
19.41993823223201,Evening,7.247355161588479,Clear,12,1.0,401.93
17.444635391985624,Evening,5.613892778305477,Snowy,12,2.0,653.71
16.524369348036316,Morning,3.7477960902705814,Snowy,10,2.0,454.35
5.9001537138538565,Evening,2.913799387339865,Rainy,12,1.5,137.15
4.246864160411251,Night,1.298704191061836,Snowy,15,2.0,143.95
13.70422117856419,Morning,3.7355176111665145,Clear,10,1.0,188.23
18.65814379342413,Afternoon,6.878465114781547,Rainy,8,1.5,377.9
11.578494967264666,Morning,9.444743366036343,Clear,10,1.0,225.14
11.860641099928097,Evening,8.840840340367468,Clear,12,1.0,268.16
6.3196027795453995,Afternoon,7.8945829888177235,Rainy,8,1.5,135.7
15.620365730646801,Morning,8.096026089279688,Snowy,10,2.0,565.33
4.553831222592944,Night,6.984864131283957,Clear,15,1.0,116.02
7.14990549168063,Night,3.342581718094027,Clear,15,1.0,143.1
9.083292333711919,Morning,9.16475527635247,Clear,10,1.0,174.08
10.644597195004646,Night,7.036590807152506,Clear,15,1.0,272.02
5.605784915886525,Night,6.04396567882396,Rainy,15,1.5,202.36
3.181899670044867,Night,1.9989052229213295,Rainy,15,1.5,85.9
12.60178080639102,Afternoon,5.023499894257829,Clear,8,1.0,151.46
6.48398051156486,Night,5.143224440817336,Snowy,15,2.0,294.57
12.043526207029633,Night,8.78107248570403,Clear,15,1.0,339.29
3.932891590209844,Night,5.919833981690096,Snowy,15,2.0,187.83
10.141661935241531,Afternoon,4.423604940733687,Clear,8,1.0,117.02
11.119199218480132,Morning,9.791202956595933,Snowy,10,2.0,440.12
1.9846471996261112,Evening,1.9964853399368412,Clear,12,1.0,28.57
7.395481285684491,Night,4.802935854807501,Snowy,15,2.0,328.42
3.5538788618405106,Morning,1.3782220765426476,Clear,10,1.0,40.44
2.2041244389825874,Night,7.659137086902373,Clear,15,1.0,58.38
19.80924441540896,Afternoon,9.262688969792356,Snowy,8,2.0,610.53
7.124723054519737,Morning,3.5203359659544047,Rainy,10,1.5,144.49
16.387614471238063,Afternoon,8.725075091192089,Snowy,8,2.0,490.97
5.838172440511514,Night,3.62996407415708,Rainy,15,1.5,179.04
13.948551722254656,Night,9.196931454795237,Clear,15,1.0,401.65
15.444329337904044,Afternoon,7.785657132371055,Snowy,8,2.0,439.5
12.317136071549042,Evening,8.244160991572947,Snowy,12,2.0,539.32
9.959947582453008,Afternoon,1.1620590004040905,Snowy,8,2.0,177.88
8.824977368798102,Night,9.665293213666233,Rainy,15,1.5,390.48
7.62849706431691,Afternoon,7.540038928632909,Rainy,8,1.5,160.56
18.66105374070869,Evening,3.7427598584751998,Clear,12,1.0,307.75
16.781768747966854,Afternoon,8.464551983729622,Rainy,8,1.5,371.84
19.33551130266374,Evening,3.5336907857343696,Rainy,12,1.5,471.03
3.36164724622535,Evening,8.85478455609515,Clear,12,1.0,76.06
14.88648202886924,Afternoon,2.013223513707433,Snowy,8,2.0,286.14
18.82846867959972,Afternoon,7.333173797147162,Snowy,8,2.0,522.17
4.443428257147543,Morning,5.866286289804193,Clear,10,1.0,70.5
2.2634290799687724,Night,1.8688102317589674,Snowy,15,2.0,80.59
15.081292336511122,Evening,3.177044454329551,Rainy,12,1.5,357.71
11.914989150418325,Morning,1.111636326495833,Clear,10,1.0,132.4
16.994746758407167,Afternoon,5.218911689180553,Clear,8,1.0,206.91
3.6556751558995004,Night,3.711387346840003,Clear,15,1.0,75.19
16.110078925337916,Morning,6.38521735867983,Snowy,10,2.0,527.93
4.830919080907146,Evening,3.675140269377555,Clear,12,1.0,79.28
4.109462914448386,Morning,3.699272003562862,Clear,10,1.0,56.3
4.121050160688866,Evening,7.6887387885844305,Clear,12,1.0,87.48
16.476919684396258,Afternoon,1.4332855238051811,Snowy,8,2.0,301.42
13.638747193227802,Night,9.126054956727884,Rainy,15,1.5,586.92
10.938243070613268,Night,8.670374869520632,Clear,15,1.0,306.33
7.817779198346547,Night,7.0102421490376585,Rainy,15,1.5,299.21
17.66681027544906,Afternoon,6.338994130966459,Snowy,8,2.0,461.85
8.456457041030072,Evening,9.03072248325687,Snowy,12,2.0,386.24
16.515389349959964,Afternoon,2.66797161575843,Snowy,8,2.0,334.75
9.34356326283415,Night,1.7107224597174575,Snowy,15,2.0,328.26
8.161944159073244,Afternoon,3.155591529185843,Rainy,8,1.5,128.85
9.790915927722523,Afternoon,8.151204508301714,Clear,8,1.0,142.17
6.7261796091187,Afternoon,1.31203240053835,Snowy,8,2.0,121.74
15.204578223348772,Evening,6.245261515751407,Snowy,12,2.0,592.81
10.551687411757104,Morning,9.95893764572179,Rainy,10,1.5,315.9
5.412041207789529,Morning,8.701264844537855,Rainy,10,1.5,151.82
18.0919168922168,Afternoon,5.693011201392305,Snowy,8,2.0,454.27
8.293933206091017,Morning,1.572768183579781,Clear,10,1.0,95.98
11.327504361165783,Morning,8.482361629471388,Clear,10,1.0,209.36
18.222970108326393,Afternoon,6.390806573594895,Snowy,8,2.0,477.9
12.86052192236585,Afternoon,2.0343969735361016,Rainy,8,1.5,185.72
3.2210627734589172,Night,1.844715563410206,Snowy,15,2.0,114.46
18.856810348656026,Morning,9.186641374929332,Snowy,10,2.0,723.6
12.926453008356939,Evening,7.022802366442706,Rainy,12,1.5,396.08
7.363206678484636,Afternoon,8.4635811938508,Snowy,8,2.0,217.52
3.646169380604358,Night,8.910810102540406,Snowy,15,2.0,206.86
16.086478596135624,Evening,6.1459511684349,Snowy,12,2.0,623.36
12.781382362641757,Morning,5.657017165795372,Rainy,10,1.5,300.18
11.135760747550108,Night,4.873846692888912,Clear,15,1.0,248.45
17.983959077968194,Afternoon,3.8525192901200738,Clear,8,1.0,199.3
15.983347013266084,Evening,4.911363647728406,Rainy,12,1.5,429.0
3.881822714922272,Afternoon,7.964916901571407,Clear,8,1.0,55.79
6.922719288115417,Morning,6.417310879136184,Snowy,10,2.0,227.3
5.721293656474849,Evening,9.032709609593615,Clear,12,1.0,130.67
15.134979558880863,Morning,4.99042012941269,Snowy,10,2.0,453.76
1.6371162599798081,Morning,6.463806208468786,Clear,10,1.0,26.95
11.827904012555013,Night,6.681767977827898,Rainy,15,1.5,443.95
15.486715029073121,Afternoon,6.32527446075693,Clear,8,1.0,202.26
17.65854709847324,Evening,7.323703957769647,Clear,12,1.0,367.09
7.4995532256022415,Morning,3.1369012153732565,Clear,10,1.0,98.52
16.603888788768245,Morning,5.611273997912116,Rainy,10,1.5,388.81
3.1020030021489373,Evening,1.938023225275129,Clear,12,1.0,44.44
17.082593542955845,Morning,4.460601948803313,Rainy,10,1.5,370.54
3.4222845843076657,Night,5.38900361759138,Snowy,15,2.0,158.0
8.548458520646978,Night,6.870018335909252,Clear,15,1.0,216.32
16.148611949811517,Night,9.55477947327583,Rainy,15,1.5,710.51
3.848431119626702,Night,6.405859598935203,Rainy,15,1.5,142.06
5.355776509420188,Morning,7.692345245589038,Clear,10,1.0,94.76
14.72279879946826,Evening,5.556394535456825,Snowy,12,2.0,549.68
14.680694194375413,Evening,6.706936282386982,Rainy,12,1.5,441.48
13.18180502482065,Evening,1.638389945203961,Clear,12,1.0,184.1
14.185020444874901,Evening,3.289524227576623,Snowy,12,2.0,452.43
11.311764423604327,Afternoon,4.256677838846248,Rainy,8,1.5,193.52
5.784182119232103,Evening,5.252440195058622,Rainy,12,1.5,158.8
7.56822387657447,Afternoon,1.4108387095214536,Snowy,8,2.0,138.18
4.450356619227088,Afternoon,2.2602168779798593,Snowy,8,2.0,87.3
18.26056066533894,Night,3.491328770121752,Clear,15,1.0,369.54
12.084444100556288,Afternoon,9.743794218109455,Clear,8,1.0,190.87
8.616176918509158,Morning,3.9821230639274567,Rainy,10,1.5,180.71
9.778110269238521,Afternoon,5.338369523008743,Snowy,8,2.0,239.97
18.99838345262449,Night,2.764879414645536,Snowy,15,2.0,727.54
3.9136766592055237,Afternoon,6.497020639681915,Snowy,8,2.0,103.3
12.138366808319148,Morning,3.5261489396437686,Rainy,10,1.5,246.28
10.611884898804854,Morning,2.8629332059458408,Snowy,10,2.0,273.0
12.617630473258309,Morning,5.649153656013811,Snowy,10,2.0,394.91
1.3440934925959698,Night,1.0495521924437874,Rainy,15,1.5,33.42
17.57035426993888,Night,1.0689762938430278,Clear,15,1.0,291.73
18.710247367188636,Evening,2.9716192819167198,Clear,12,1.0,291.24
11.73753048819497,Night,1.3304922625073903,Rainy,15,1.5,299.23
14.236365653660952,Morning,1.9722317871762223,Snowy,10,2.0,340.88
18.52748824236862,Morning,4.049745844048765,Rainy,10,1.5,390.46
14.437534051954573,Night,8.223271116218315,Clear,15,1.0,394.65
3.8982418153709655,Afternoon,6.148437790323707,Clear,8,1.0,50.36
11.94947884316945,Night,5.614009533607748,Rainy,15,1.5,419.8
12.527585881274263,Night,3.6413994088730948,Rainy,15,1.5,384.51
9.058482754745334,Morning,9.385783474895348,Clear,10,1.0,175.61
14.992440476869733,Evening,4.573135371134725,Rainy,12,1.5,393.28
18.752973280611283,Morning,1.7838349011619434,Clear,10,1.0,220.98
18.58580174522875,Evening,6.5535986450602115,Rainy,12,1.5,553.79
9.56594805667851,Morning,2.0245455412894127,Rainy,10,1.5,172.54
3.15152287097435,Night,4.107008285215229,Rainy,15,1.5,100.03
19.711982780284355,Morning,5.56670744846028,Clear,10,1.0,306.85
16.939063642472746,Morning,8.868002722166583,Rainy,10,1.5,479.41
3.36859094286207,Morning,5.441919223061068,Clear,10,1.0,52.02
18.495995769730072,Night,7.3203288942849785,Clear,15,1.0,480.54
17.528030879180438,Night,9.935351550991633,Rainy,15,1.5,786.21
10.85792308539537,Night,2.1834020790818345,Rainy,15,1.5,297.64
12.234233279153656,Night,3.4725837296756756,Clear,15,1.0,247.24
8.581051373532475,Evening,4.551184680378817,Clear,12,1.0,149.84
2.0404711376185953,Evening,4.796453606849482,Snowy,12,2.0,72.46
7.368747591272117,Afternoon,4.699189677389912,Clear,8,1.0,86.65
16.25421552336222,Night,9.168499023008994,Snowy,15,2.0,934.71
1.0880084370874543,Evening,7.426293800201708,Snowy,12,2.0,45.5
7.336484262131739,Morning,6.471146926816334,Snowy,10,2.0,241.68
8.565205178227924,Night,3.784354460765039,Rainy,15,1.5,265.65
11.210516455820535,Afternoon,8.414113457991652,Rainy,8,1.5,247.72
18.47725671184245,Afternoon,9.5955446033649,Clear,8,1.0,289.66
7.580573892953264,Afternoon,8.390784542952039,Snowy,8,2.0,223.06
7.5921108360283265,Morning,1.0140859467232561,Rainy,10,1.5,125.43
15.01252371408522,Evening,6.727612331650663,Rainy,12,1.5,452.02
9.592140876906337,Morning,1.4602184329789065,Rainy,10,1.5,164.89
5.267491635859657,Night,3.318464983003497,Rainy,15,1.5,157.85
9.596350806521174,Afternoon,1.5357223031299452,Rainy,8,1.5,132.84
3.6762833872161975,Morning,6.43415907654449,Snowy,10,2.0,120.83
4.351352743618243,Morning,7.179309221433461,Snowy,10,2.0,149.51
10.468987682050114,Evening,2.030388742593146,Snowy,12,2.0,302.27
8.959583540586411,Evening,4.454549947404815,Snowy,12,2.0,310.82
18.382072120293902,Afternoon,5.106128580599878,Clear,8,1.0,222.15
7.88548408321603,Morning,4.321477195848249,Snowy,10,2.0,225.86
12.031178655282826,Morning,2.0892250043667375,Rainy,10,1.5,218.17
13.013021470471077,Evening,4.770530111687279,Snowy,12,2.0,461.3
1.2487946751783392,Morning,7.760602430275763,Clear,10,1.0,22.18
13.607210068317501,Morning,1.639068980799299,Rainy,10,1.5,237.56
4.382683370525277,Morning,1.7216201267371312,Snowy,10,2.0,102.74
19.260336031919646,Evening,4.192941626523858,Snowy,12,2.0,656.07
3.8245918273091464,Afternoon,9.475531404570326,Snowy,8,2.0,119.18
8.877858350813451,Night,7.017153820506227,Rainy,15,1.5,339.92
2.6216436934942333,Afternoon,7.108029610053083,Rainy,8,1.5,53.82
19.940610785072998,Night,4.257279917540785,Clear,15,1.0,426.45
10.54170519629361,Morning,6.342947120876846,Rainy,10,1.5,258.42
12.312315329080832,Afternoon,1.0911806562496904,Rainy,8,1.5,163.87
2.274453070380122,Night,6.72486441768588,Snowy,15,2.0,114.12
15.249248937584378,Evening,9.21958252818613,Rainy,12,1.5,527.55
4.988206268816129,Evening,6.513161215103373,Snowy,12,2.0,197.69
18.06303149937356,Afternoon,8.863287341197106,Snowy,8,2.0,545.17
4.897653169158136,Afternoon,7.515757499194844,Rainy,8,1.5,102.94
4.623066692609665,Morning,2.085025747633212,Clear,10,1.0,55.87
1.6944436891138026,Afternoon,9.122079765572575,Clear,8,1.0,25.92
9.969271957089985,Morning,1.597994599201974,Rainy,10,1.5,173.44
11.731981531989712,Morning,5.805707252929874,Clear,10,1.0,185.43
2.248464149138695,Evening,2.279234114141119,Snowy,12,2.0,66.26
15.735024717205201,Evening,1.1053594965781366,Snowy,12,2.0,419.38
9.612487860212525,Night,4.798308341148751,Rainy,15,1.5,320.06
10.96341511722402,Evening,3.6553663688874063,Clear,12,1.0,179.65
9.374492191826334,Evening,5.374004444178427,Clear,12,1.0,172.95
8.614498156631193,Afternoon,6.194798980610957,Snowy,8,2.0,223.22
11.63316629485614,Evening,1.393651650780526,Rainy,12,1.5,238.58
3.949564672683538,Night,2.1070296561137107,Clear,15,1.0,71.73
4.456634479410152,Afternoon,6.027781568053828,Rainy,8,1.5,85.72
17.37392679925683,Night,4.088506178553924,Clear,15,1.0,367.16
18.97619378053902,Evening,7.562561387945032,Snowy,12,2.0,799.85
8.092877009315306,Night,6.8706248373274565,Snowy,15,2.0,409.6
6.144148789727522,Afternoon,8.610439266909161,Rainy,8,1.5,137.21
13.235991321541299,Morning,7.2324354400230275,Snowy,10,2.0,456.18
8.765949250863832,Night,4.869379696511333,Clear,15,1.0,195.52
1.4823407575465524,Night,7.056699601549892,Snowy,15,2.0,75.85
3.966899349957617,Afternoon,3.4784305682987666,Rainy,8,1.5,64.16
14.603472348100553,Afternoon,3.756821489003914,Rainy,8,1.5,241.08
13.519554896292876,Night,8.10086643928714,Rainy,15,1.5,550.61
1.5148238575661863,Evening,5.01777564761424,Clear,12,1.0,27.3
5.2174710767260395,Night,8.185423064665173,Clear,15,1.0,142.32
5.390421135173357,Afternoon,8.401801363014506,Clear,8,1.0,79.35
13.76596212837584,Morning,8.718061038951554,Clear,10,1.0,257.67
1.374500217332919,Morning,9.249717122570866,Clear,10,1.0,26.46
2.978063057706903,Evening,4.878866984619666,Snowy,12,2.0,106.34
16.198405622090597,Night,3.8698013648902494,Clear,15,1.0,337.0
4.392348579032339,Morning,6.2397887193470245,Clear,10,1.0,71.33
13.40217604918562,Night,4.340551810938648,Snowy,15,2.0,576.58
5.525472839887804,Afternoon,6.4096675012020965,Clear,8,1.0,72.54
2.889386462427558,Morning,7.350272763794422,Rainy,10,1.5,75.2
5.620271628989627,Evening,7.195645166429232,Clear,12,1.0,115.97
14.723071705257524,Afternoon,4.370975983181092,Clear,8,1.0,169.27
17.25823289401943,Evening,2.501741815288775,Rainy,12,1.5,388.36
16.77417742677284,Afternoon,4.874764046159868,Rainy,8,1.5,299.41
8.546487062750643,Morning,2.283347296737179,Rainy,10,1.5,157.47
13.693617594842276,Evening,9.010873316654274,Rainy,12,1.5,468.59
4.894701612900598,Evening,4.112897146640717,Clear,12,1.0,82.89
6.5698068749592515,Afternoon,2.390137725009914,Rainy,8,1.5,97.68
18.030380551901274,Evening,1.229029839151758,Rainy,12,1.5,364.43
1.2470365467039848,Afternoon,6.8124014765783585,Snowy,8,2.0,33.55
2.6246620862348937,Afternoon,6.732120857092689,Rainy,8,1.5,52.7
4.949838847774519,Afternoon,4.065437499231625,Rainy,8,1.5,83.55
1.5041118736025747,Afternoon,1.6454069996288592,Snowy,8,2.0,28.03
4.447273266706149,Morning,4.686660054057088,Snowy,10,2.0,130.63
12.077789658424152,Afternoon,3.800957455570542,Clear,8,1.0,133.35
9.00706646125746,Night,7.094085757615084,Snowy,15,2.0,461.9
17.960762510462523,Evening,6.452013245074213,Clear,12,1.0,354.59
16.53142767303038,Night,4.28134355377786,Snowy,15,2.0,708.27
7.494529682259643,Morning,2.961032988294911,Snowy,10,2.0,194.27
5.9290452351945575,Night,9.892323695400327,Clear,15,1.0,176.91
8.214155755178071,Evening,5.086014590765034,Snowy,12,2.0,297.41
12.215603907781347,Night,7.194468122022133,Clear,15,1.0,315.06
6.093209175634649,Morning,2.264976708205247,Snowy,10,2.0,149.47
12.858829249133546,Afternoon,5.37030729693458,Rainy,8,1.5,237.17
8.778821391633567,Night,1.2478304788251893,Snowy,15,2.0,296.23
11.488896436187625,Morning,5.549096061194049,Clear,10,1.0,178.64
9.286404053571017,Morning,9.67615666405932,Snowy,10,2.0,365.44
6.594849431296436,Evening,4.457860416872202,Clear,12,1.0,114.42
19.020612832280978,Evening,1.3509641131742043,Clear,12,1.0,259.08
15.508510089035456,Night,1.2786021182740916,Rainy,15,1.5,393.56
3.6621503395625985,Afternoon,4.4918808395218255,Rainy,8,1.5,63.69
17.500891542060344,Morning,2.4402244281687464,Clear,10,1.0,217.72
10.26119276674076,Night,1.2101688669536732,Snowy,15,2.0,345.09
17.996492310987737,Morning,7.805922525551591,Clear,10,1.0,320.44
16.197249862998987,Morning,5.126707079937016,Clear,10,1.0,245.01
9.079056584915435,Afternoon,3.603202947753891,Snowy,8,2.0,197.61
1.4269168580822305,Afternoon,9.100748647148327,Snowy,8,2.0,43.61
6.1048698283139755,Night,2.0452506418047305,Snowy,15,2.0,220.6
11.291050078556472,Afternoon,9.603269460597874,Snowy,8,2.0,354.15
13.036086176696799,Afternoon,3.8257004563961754,Clear,8,1.0,144.19
5.899866023230843,Night,8.995633050778132,Clear,15,1.0,168.11
3.6477654073836585,Afternoon,6.426485888315154,Rainy,8,1.5,71.9
16.863674499186683,Evening,8.440366237673388,Clear,12,1.0,373.17
19.70364143336749,Morning,9.856118468894179,Snowy,10,2.0,782.48
10.98811346375103,Morning,3.5956489403687115,Rainy,10,1.5,224.09
4.261906431117767,Morning,9.650219368668337,Snowy,10,2.0,167.49
6.17383920386801,Morning,4.505337054121783,Clear,10,1.0,89.55
1.349422854401868,Night,4.4696071426323005,Rainy,15,1.5,43.93
18.371677324649482,Morning,4.063483938290551,Snowy,10,2.0,516.74
3.2372705749126816,Morning,5.872668466128267,Rainy,10,1.5,77.08
11.953813034770818,Morning,2.387305388606384,Rainy,10,1.5,222.11
6.207049193056914,Morning,5.983403368222101,Clear,10,1.0,99.21
11.529382047800075,Evening,5.875343311690036,Snowy,12,2.0,439.28
13.37698737868542,Morning,7.85711631344383,Rainy,10,1.5,358.31
16.765094270436833,Evening,8.50284965743827,Rainy,12,1.5,558.36
4.9220041634514615,Night,4.963972152811817,Snowy,15,2.0,220.96
1.2089207445111292,Afternoon,3.7209992441634436,Rainy,8,1.5,19.91
3.600826971307338,Morning,3.33401407585385,Rainy,10,1.5,72.02
18.100354195113997,Afternoon,2.7516145303438475,Rainy,8,1.5,276.97
17.60391147368779,Afternoon,1.5188282397912238,Snowy,8,2.0,324.44
12.350848941235858,Night,4.08203180951242,Snowy,15,2.0,521.78
12.409820348239414,Afternoon,3.4322292291770493,Snowy,8,2.0,266.71
13.635696816378854,Evening,9.697756472797666,Snowy,12,2.0,644.62
4.332054293845542,Afternoon,6.019379436250396,Clear,8,1.0,55.52
18.373826972574236,Afternoon,4.125493351274568,Rainy,8,1.5,311.45
8.95663997294939,Afternoon,6.224208408943264,Snowy,8,2.0,232.5
8.279632036740452,Morning,2.2527703121112594,Rainy,10,1.5,152.17
10.859436400373912,Morning,4.996393742819826,Rainy,10,1.5,244.28
1.8923533687260459,Evening,6.636108892789575,Clear,12,1.0,37.78
4.159384006365508,Evening,5.400080486132063,Snowy,12,2.0,153.73
15.022638712101038,Morning,4.616009205888918,Snowy,10,2.0,439.14
2.573174690577403,Evening,9.944635500097284,Rainy,12,1.5,92.38
12.459890079861376,Morning,8.922832859340343,Snowy,10,2.0,471.55
5.661633083945098,Night,6.610653623434961,Rainy,15,1.5,211.6
8.396616666797554,Afternoon,6.124396250640545,Rainy,8,1.5,162.47
6.485180998643298,Afternoon,6.585944318421257,Clear,8,1.0,86.05
7.757781612834034,Evening,2.8118089704018994,Clear,12,1.0,119.27
14.661872198500664,Morning,4.5562396893788675,Clear,10,1.0,213.42
6.645312596840325,Morning,1.3551357960180939,Rainy,10,1.5,113.19
11.761688165641047,Evening,5.27991433738144,Snowy,12,2.0,431.32
10.044957641782894,Morning,5.887221255618969,Clear,10,1.0,159.59
13.609752141890315,Night,3.0497476249288864,Snowy,15,2.0,532.81
18.799765047170403,Afternoon,9.676259624489624,Clear,8,1.0,295.93
14.918869846994756,Evening,9.185091498435177,Clear,12,1.0,343.46
5.083867193224378,Evening,7.499289119103153,Rainy,12,1.5,160.14
1.5924795661644087,Morning,5.800479658888263,Clear,10,1.0,25.16
5.983016841696677,Evening,8.829722436829165,Clear,12,1.0,135.19
12.306480683304843,Night,2.1758710944111663,Rainy,15,1.5,337.14
1.9770904562007567,Morning,8.114588148473965,Snowy,10,2.0,71.63
10.43095869682349,Morning,2.1233873257016347,Clear,10,1.0,126.46
12.340014129420895,Morning,8.147895962944649,Rainy,10,1.5,335.92
7.3506339255222555,Morning,3.481908114262213,Clear,10,1.0,99.1
15.647331871170616,Night,8.8938152291637,Rainy,15,1.5,665.19
3.0253668095416644,Morning,9.49637884442858,Snowy,10,2.0,117.97
2.4276178529803665,Evening,2.3391637246460406,Snowy,12,2.0,71.89
14.835586367868464,Night,5.164080445588541,Rainy,15,1.5,506.18
10.41433500791777,Afternoon,9.828886403464166,Rainy,8,1.5,247.81
14.079645532126985,Afternoon,5.35066692375832,Rainy,8,1.5,259.36
9.261719433471178,Evening,8.771927702630906,Snowy,12,2.0,417.26
5.681638631543029,Evening,6.298583699181878,Clear,12,1.0,111.12
16.562944035809792,Night,4.377969171276417,Snowy,15,2.0,714.42
16.188901700410604,Afternoon,3.5720519997328317,Rainy,8,1.5,263.66
14.199232946234108,Afternoon,2.8290078197747857,Rainy,8,1.5,218.59
6.170757607369291,Afternoon,7.856183722399275,Snowy,8,2.0,176.3
12.214382670512656,Afternoon,4.478864561407251,Rainy,8,1.5,212.22
7.858504041860509,Afternoon,5.60147915980676,Snowy,8,2.0,196.17
2.7400593932060486,Morning,5.430929320010637,Rainy,10,1.5,63.42
18.428957933782613,Evening,6.195511263098181,Clear,12,1.0,358.16
3.5995539874602667,Morning,8.79019431062097,Clear,10,1.0,67.64
19.054509722595245,Afternoon,9.826654092250864,Rainy,8,1.5,453.34
9.474109686201158,Night,4.668257877164352,Snowy,15,2.0,416.91
